[{"id":"user-image-1077114.png","publicUrl":"np://user.desktop.nicepage.com/Site_636219334/images/1077114.png","size":2544,"hash":"O09w+ENL5/BW92mHySXgeFHVIV4=","fileName":"1077114.png","name":"1077114","width":128,"height":128,"thumbnail":{"url":"np://user.desktop.nicepage.com/Site_636219334/images/thumbnails/1077114.png","width":128,"height":128,"length":2544,"type":"png"},"folderId":null,"originalUrl":"https://assets.nicepagecdn.com/d2cc3eaa/6342383/images/1077114.png","usages":["45729668"]},{"id":"user-image-jhjh688.jpg","publicUrl":"np://user.desktop.nicepage.com/Site_636219334/images/jhjh688.jpg","size":158725,"hash":"8mKUbUpo81YkuQFBbm2cKx4j1sQ=","fileName":"jhjh688.jpg","name":"jhjh688","width":759,"height":759,"thumbnail":{"url":"np://user.desktop.nicepage.com/Site_636219334/images/thumbnails/jhjh688.jpg","width":250,"height":250},"folderId":null,"originalUrl":"//images01.nicepagecdn.com/c461c07a441a5d220e8feb1a/8c593f782d1654b09c0aa7b3/jhjh688.jpg","usages":["45729668"]},{"id":"user-image-hh5.jpg","publicUrl":"np://user.desktop.nicepage.com/Site_636219334/images/hh5.jpg","size":107490,"hash":"M7ieyE+9akeavcADA9myEpdhSzA=","fileName":"hh5.jpg","name":"hh5","width":759,"height":759,"thumbnail":{"url":"np://user.desktop.nicepage.com/Site_636219334/images/thumbnails/hh5.jpg","width":250,"height":250},"folderId":null,"originalUrl":"//images01.nicepagecdn.com/c461c07a441a5d220e8feb1a/f10e8c5f2cb85dd5a19cb472/hh5.jpg","usages":["45729668"]},{"id":"user-image-rr2.jpg","publicUrl":"np://user.desktop.nicepage.com/Site_636219334/images/rr2.jpg","size":132240,"hash":"lxbWg0dhDByw8419Tz344Ah03T8=","fileName":"rr2.jpg","name":"rr2","width":759,"height":759,"thumbnail":{"url":"np://user.desktop.nicepage.com/Site_636219334/images/thumbnails/rr2.jpg","width":250,"height":250},"folderId":null,"originalUrl":"//images01.nicepagecdn.com/c461c07a441a5d220e8feb1a/8f93c0b344675233af173158/rr2.jpg","usages":["45729668"]},{"id":"user-image-jhjh6.jpg","publicUrl":"np://user.desktop.nicepage.com/Site_636219334/images/jhjh6.jpg","size":145704,"hash":"USMyO/u5PAc67XvwDIx0Y4nm1HA=","fileName":"jhjh6.jpg","name":"jhjh6","width":759,"height":759,"thumbnail":{"url":"np://user.desktop.nicepage.com/Site_636219334/images/thumbnails/jhjh6.jpg","width":250,"height":250},"folderId":null,"originalUrl":"//images01.nicepagecdn.com/c461c07a441a5d220e8feb1a/f4e09883629250c58c061015/jhjh6.jpg","usages":["45729668"]},{"id":"user-image-g4.jpg","publicUrl":"np://user.desktop.nicepage.com/Site_636219334/images/g4.jpg","size":137634,"hash":"f/xVO3RoYO/fcAnbS7Sz21//JGw=","fileName":"g4.jpg","name":"g4","width":759,"height":759,"thumbnail":{"url":"np://user.desktop.nicepage.com/Site_636219334/images/thumbnails/g4.jpg","width":250,"height":250},"folderId":null,"originalUrl":"//images01.nicepagecdn.com/c461c07a441a5d220e8feb1a/a24ad1604ec15337995a6352/g4.jpg","usages":["45729668"]},{"id":"user-image-111.jpg","publicUrl":"np://user.desktop.nicepage.com/Site_636219334/images/111.jpg","size":116522,"hash":"3D7qe5qqKHw/UntUMln7f0Ks9Qo=","fileName":"111.jpg","name":"111","width":759,"height":759,"thumbnail":{"url":"np://user.desktop.nicepage.com/Site_636219334/images/thumbnails/111.jpg","width":250,"height":250},"folderId":null,"originalUrl":"//images01.nicepagecdn.com/c461c07a441a5d220e8feb1a/fd44dbb17f2852ab8ab9bfd2/111.jpg","usages":["45729668"]},{"id":"user-image-new1.jpg","publicUrl":"np://user.desktop.nicepage.com/Site_636219334/images/new1.jpg","size":159616,"hash":"H4R0iQEpjPL8uTItfeKLpJBLUYA=","fileName":"new1.jpg","name":"new1","width":900,"height":1086,"thumbnail":{"url":"np://user.desktop.nicepage.com/Site_636219334/images/thumbnails/new1.jpg","width":207,"height":250},"folderId":null,"originalUrl":"https://assets.nicepagecdn.com/d2cc3eaa/6342383/images/new1.jpg","usages":["45729668"]},{"id":"user-image-black-logo-6.png","publicUrl":"np://user.desktop.nicepage.com/Site_636219334/images/black-logo-6.png","size":20790,"hash":"GnhB5ZJ41PM/e2Nor1+wmL5QC50=","fileName":"black-logo-6.png","name":"black-logo-6","width":131,"height":171,"thumbnail":{"url":"np://user.desktop.nicepage.com/Site_636219334/images/thumbnails/black-logo-6.png","width":131,"height":171,"length":20790,"type":"png"},"folderId":null,"originalUrl":"//images01.nicepagecdn.com/a1389d7bc73adea1e1c1fb7e/62605c9f773e5f9cbdda4dbf/black-logo-6.png","usages":["45729668"]},{"id":"user-image-black-logo-4.png","publicUrl":"np://user.desktop.nicepage.com/Site_636219334/images/black-logo-4.png","size":22120,"hash":"Z3OnsSlIW/Xwl97auEhQtmCu4bg=","fileName":"black-logo-4.png","name":"black-logo-4","width":134,"height":154,"thumbnail":{"url":"np://user.desktop.nicepage.com/Site_636219334/images/thumbnails/black-logo-4.png","width":134,"height":154,"length":22120,"type":"png"},"folderId":null,"originalUrl":"//images01.nicepagecdn.com/a1389d7bc73adea1e1c1fb7e/da20b91fac9e573f9e813582/black-logo-4.png","usages":["45729668"]},{"id":"user-image-black-logo-5.png","publicUrl":"np://user.desktop.nicepage.com/Site_636219334/images/black-logo-5.png","size":20120,"hash":"o2NeaRyFgV4iBbdCbXQCMbQDdDs=","fileName":"black-logo-5.png","name":"black-logo-5","width":142,"height":155,"thumbnail":{"url":"np://user.desktop.nicepage.com/Site_636219334/images/thumbnails/black-logo-5.png","width":142,"height":155,"length":20120,"type":"png"},"folderId":null,"originalUrl":"//images01.nicepagecdn.com/a1389d7bc73adea1e1c1fb7e/f4c2ec35cca95ad2b1db886b/black-logo-5.png","usages":["45729668"]},{"id":"user-image-black-logo-3.png","publicUrl":"np://user.desktop.nicepage.com/Site_636219334/images/black-logo-3.png","size":22472,"hash":"wyHzhKO9xjzm2k1z7P/3KSTt6lM=","fileName":"black-logo-3.png","name":"black-logo-3","width":168,"height":156,"thumbnail":{"url":"np://user.desktop.nicepage.com/Site_636219334/images/thumbnails/black-logo-3.png","width":168,"height":156,"length":22472,"type":"png"},"folderId":null,"originalUrl":"//images01.nicepagecdn.com/a1389d7bc73adea1e1c1fb7e/8aba9edd10b65867bb8c1fd0/black-logo-3.png","usages":["45729668"]},{"id":"user-image-black-logo-2_150.png","publicUrl":"np://user.desktop.nicepage.com/Site_636219334/images/black-logo-2_150.png","size":20486,"hash":"dJqfsQlJ6VDplVS0OXboYWx1ZXA=","fileName":"black-logo-2_150.png","name":"black-logo-2_150","width":108,"height":140,"thumbnail":{"url":"np://user.desktop.nicepage.com/Site_636219334/images/thumbnails/black-logo-2_150.png","width":108,"height":140,"length":20486,"type":"png"},"folderId":null,"originalUrl":"//images01.nicepagecdn.com/thumbs/a1389d7bc73adea1e1c1fb7e/e8ce7cced71d5c7aa4d002e1/black-logo-2_150.png","usages":["45729668"]},{"id":"user-image-stylish-handsome-guy-posing-against-7.jpg","publicUrl":"np://user.desktop.nicepage.com/Site_636219334/images/stylish-handsome-guy-posing-against-7.jpg","size":184092,"hash":"iwIVpFYkREq2sEzVwPfCihgJVqQ=","fileName":"stylish-handsome-guy-posing-against-7.jpg","name":"stylish-handsome-guy-posing-against-7","width":800,"height":1004,"thumbnail":{"url":"np://user.desktop.nicepage.com/Site_636219334/images/thumbnails/stylish-handsome-guy-posing-against-7.jpg","width":199,"height":250},"folderId":null,"originalUrl":"https://assets.nicepagecdn.com/d2cc3eaa/6342383/images/stylish-handsome-guy-posing-against-7.jpg","usages":["45729668"]},{"id":"user-image-black-logo-1.png","publicUrl":"np://user.desktop.nicepage.com/Site_636219334/images/black-logo-1.png","size":21465,"hash":"+S5C7QqyluuZsUjTGAMoqg2uGg0=","fileName":"black-logo-1.png","name":"black-logo-1","width":151,"height":158,"thumbnail":{"url":"np://user.desktop.nicepage.com/Site_636219334/images/thumbnails/black-logo-1.png","width":151,"height":158,"length":21465,"type":"png"},"folderId":null,"originalUrl":"//images01.nicepagecdn.com/a1389d7bc73adea1e1c1fb7e/a32313390c475bec9fff6116/black-logo-1.png","usages":["45729668"]},{"id":"user-image-646135.png","publicUrl":"np://user.desktop.nicepage.com/Site_636219334/images/646135.png","size":2316,"hash":"JEv838J6rQdgz7pcZnhU6sdhTWc=","fileName":"646135.png","name":"646135","width":128,"height":128,"thumbnail":{"url":"np://user.desktop.nicepage.com/Site_636219334/images/thumbnails/646135.png","width":128,"height":128,"length":2316,"type":"png"},"folderId":null,"originalUrl":"https://assets.nicepagecdn.com/d2cc3eaa/6342383/images/646135.png","usages":["45729668"]},{"id":"user-image-1082334.png","publicUrl":"np://user.desktop.nicepage.com/Site_636219334/images/1082334.png","size":2477,"hash":"TOzERCvjB458uLx9JX/nkiok3IM=","fileName":"1082334.png","name":"1082334","width":128,"height":128,"thumbnail":{"url":"np://user.desktop.nicepage.com/Site_636219334/images/thumbnails/1082334.png","width":128,"height":128,"length":2477,"type":"png"},"folderId":null,"originalUrl":"https://assets.nicepagecdn.com/d2cc3eaa/6342383/images/1082334.png","usages":["45729668"]},{"id":"user-image-wordpress_white.png","publicUrl":"np://user.desktop.nicepage.com/Site_636219334/images/wordpress_white.png","size":2989,"hash":"hJA/0Rl2PFmGpZboY/WJ3vxvV9Q=","fileName":"wordpress_white.png","name":"wordpress_white","width":108,"height":108,"thumbnail":{"url":"np://user.desktop.nicepage.com/Site_636219334/images/thumbnails/wordpress_white.png","width":108,"height":108,"length":2989,"type":"png"},"folderId":null,"originalUrl":"https://assets.nicepagecdn.com/d2cc3eaa/6342383/images/wordpress_white.png","usages":["45729668"]},{"id":"user-image-html_white.png","publicUrl":"np://user.desktop.nicepage.com/Site_636219334/images/html_white.png","size":3457,"hash":"0aBFMiYRpH4Y10EUC/k21ggkKKQ=","fileName":"html_white.png","name":"html_white","width":98,"height":98,"thumbnail":{"url":"np://user.desktop.nicepage.com/Site_636219334/images/thumbnails/html_white.png","width":98,"height":98,"length":3457,"type":"png"},"folderId":null,"originalUrl":"https://assets.nicepagecdn.com/d2cc3eaa/6342383/images/html_white.png","usages":["45729668"]},{"id":"user-image-react_white.png","publicUrl":"np://user.desktop.nicepage.com/Site_636219334/images/react_white.png","size":3005,"hash":"kJHhPXddoMT/ZyHnz1Ar/AlfxbU=","fileName":"react_white.png","name":"react_white","width":108,"height":95,"thumbnail":{"url":"np://user.desktop.nicepage.com/Site_636219334/images/thumbnails/react_white.png","width":108,"height":95,"length":3005,"type":"png"},"folderId":null,"originalUrl":"https://assets.nicepagecdn.com/d2cc3eaa/6342383/images/react_white.png","usages":["45729668"]},{"id":"user-image-still-life-graphic-design-office3.jpg","publicUrl":"np://user.desktop.nicepage.com/Site_636219334/images/still-life-graphic-design-office3.jpg","size":243434,"hash":"wvmQpR5VWh5uSrQV8CKCUyHwZ/A=","fileName":"still-life-graphic-design-office3.jpg","name":"still-life-graphic-design-office3","width":800,"height":1200,"thumbnail":{"url":"np://user.desktop.nicepage.com/Site_636219334/images/thumbnails/still-life-graphic-design-office3.jpg","width":167,"height":250},"folderId":null,"originalUrl":"https://assets.nicepagecdn.com/d2cc3eaa/6342383/images/still-life-graphic-design-office3.jpg","usages":["45729668"]},{"id":"user-image-545682.png","publicUrl":"np://user.desktop.nicepage.com/Site_636219334/images/545682.png","size":755,"hash":"Ix3+IQY86UX/E6fyn9I01vpWCNQ=","fileName":"545682.png","name":"545682","width":128,"height":128,"thumbnail":{"url":"np://user.desktop.nicepage.com/Site_636219334/images/thumbnails/545682.png","width":128,"height":128,"length":755,"type":"png"},"folderId":null,"originalUrl":"https://assets.nicepagecdn.com/d2cc3eaa/6342383/images/545682.png","usages":["45729668"]},{"id":"user-image-77.png","publicUrl":"np://user.desktop.nicepage.com/Site_636219334/images/77.png","size":5243,"hash":"8I1gJTW7ekKx/KY5Zu+GuJRHYQo=","fileName":"77.png","name":"77","width":69,"height":104,"thumbnail":{"url":"np://user.desktop.nicepage.com/Site_636219334/images/thumbnails/77.png","width":69,"height":104,"length":5243,"type":"png"},"folderId":null,"originalUrl":"https://assets.nicepagecdn.com/d2cc3eaa/6342383/images/77.png","usages":["45729668"]},{"id":"user-image-24770152_101.png","publicUrl":"np://user.desktop.nicepage.com/Site_636219334/images/24770152_101.png","size":714369,"hash":"y6yTfm3/EIgJAAnw7/MeX9Pev7o=","fileName":"24770152_101.png","name":"24770152_101","width":1000,"height":1529,"thumbnail":{"url":"np://user.desktop.nicepage.com/Site_636219334/images/thumbnails/24770152_101.png","width":164,"height":250},"folderId":null,"originalUrl":"https://assets.nicepagecdn.com/11a8ddce/4584696/images/24770152_101.png","usages":["45729668"]},{"id":"user-image-confident-handsome-guy-5.jpg","publicUrl":"np://user.desktop.nicepage.com/Site_636219334/images/confident-handsome-guy-5.jpg","size":184285,"hash":"McG0KA9zqPXVvLng4hpzZFxBfi0=","fileName":"confident-handsome-guy-5.jpg","name":"confident-handsome-guy-5","width":800,"height":1061,"thumbnail":{"url":"np://user.desktop.nicepage.com/Site_636219334/images/thumbnails/confident-handsome-guy-5.jpg","width":189,"height":250},"folderId":null,"originalUrl":"https://assets.nicepagecdn.com/d2cc3eaa/6342383/images/confident-handsome-guy-5.jpg","usages":[]}]