[{"id":37535274,"title":"Blog Template","order":1,"templateKey":"blog","customTemplate":false,"customTemplateFilename":null,"pageLinks":[],"dateCreated":"2025-01-21T15:06:07.147Z","dateUpdated":"2025-01-21T15:06:08.584Z","folderId":null,"pageName":"Blog Template","serverPageId":null,"sectionCount":1,"status":2,"backwardUrl":null},{"id":1282922825,"title":"Post Template","order":2,"templateKey":"post","customTemplate":false,"customTemplateFilename":null,"pageLinks":[],"dateCreated":"2025-01-21T15:06:07.264Z","dateUpdated":"2025-01-21T15:06:08.584Z","folderId":null,"pageName":"Post Template","serverPageId":null,"sectionCount":1,"status":2,"backwardUrl":null},{"id":2275341,"title":"Product List Template","order":3,"templateKey":"products","customTemplate":false,"customTemplateFilename":null,"pageLinks":[],"dateCreated":"2025-01-21T15:06:07.391Z","dateUpdated":"2025-01-21T15:06:08.584Z","folderId":null,"pageName":"Product List Template","serverPageId":null,"sectionCount":1,"status":2,"backwardUrl":null},{"id":174858203,"title":"Product Details Template","order":4,"templateKey":"product","customTemplate":false,"customTemplateFilename":null,"pageLinks":[],"dateCreated":"2025-01-21T15:06:07.526Z","dateUpdated":"2025-01-21T15:06:08.584Z","folderId":null,"pageName":"Product Details Template","serverPageId":null,"sectionCount":1,"status":2,"backwardUrl":null},{"id":151474989,"title":"Shopping Cart Template","order":5,"templateKey":"cart","customTemplate":false,"customTemplateFilename":null,"pageLinks":[],"dateCreated":"2025-01-21T15:06:07.640Z","dateUpdated":"2025-01-21T15:06:08.584Z","folderId":null,"pageName":"Shopping Cart Template","serverPageId":null,"sectionCount":1,"status":2,"backwardUrl":null},{"id":1959792,"title":"Checkout Template","order":6,"templateKey":"checkout","customTemplate":false,"customTemplateFilename":null,"pageLinks":[],"dateCreated":"2025-01-21T15:06:07.795Z","dateUpdated":"2025-01-21T15:06:08.584Z","folderId":null,"pageName":"Checkout Template","serverPageId":null,"sectionCount":1,"status":2,"backwardUrl":null},{"id":85365871,"title":"Login Template","order":7,"templateKey":"login","customTemplate":false,"customTemplateFilename":null,"pageLinks":[],"dateCreated":"2025-01-21T15:06:07.892Z","dateUpdated":"2025-01-21T15:06:08.584Z","folderId":null,"pageName":"Login Template","serverPageId":null,"sectionCount":1,"status":2,"backwardUrl":null},{"id":308586619,"title":"Search Page Template","order":8,"templateKey":"Search","customTemplate":false,"customTemplateFilename":null,"pageLinks":[],"dateCreated":"2025-01-21T15:06:07.967Z","dateUpdated":"2025-01-21T15:06:08.584Z","folderId":null,"pageName":"Search Page Template","serverPageId":null,"sectionCount":1,"status":2,"backwardUrl":null},{"id":11504355,"title":"Page Password Template","order":9,"templateKey":"password","customTemplate":false,"customTemplateFilename":null,"pageLinks":[],"dateCreated":"2025-01-21T15:06:08.059Z","dateUpdated":"2025-01-21T15:06:08.585Z","folderId":null,"pageName":"Page Password Template","serverPageId":null,"sectionCount":1,"status":2,"backwardUrl":null},{"id":2348717421,"title":"404 Not Found Template","order":10,"templateKey":"404","customTemplate":false,"customTemplateFilename":null,"pageLinks":[],"dateCreated":"2025-01-21T15:06:08.131Z","dateUpdated":"2025-01-21T15:06:08.585Z","folderId":null,"pageName":"404 Not Found Template","serverPageId":null,"sectionCount":1,"status":2,"backwardUrl":null},{"id":296753503,"title":"Thank You Page Template","order":11,"templateKey":"ThankYou","customTemplate":false,"customTemplateFilename":null,"pageLinks":[],"dateCreated":"2025-01-21T15:06:08.190Z","dateUpdated":"2025-01-21T15:06:08.585Z","folderId":null,"pageName":"Thank You Page Template","serverPageId":null,"sectionCount":1,"status":2,"backwardUrl":null},{"id":67941920,"title":"About","order":12,"templateKey":null,"customTemplate":false,"customTemplateFilename":null,"pageLinks":[],"dateCreated":"2025-01-21T15:06:32.807Z","dateUpdated":"2025-01-21T15:06:32.807Z","folderId":null,"pageName":"About_67941920","serverPageId":null,"sectionCount":7,"status":2,"backwardUrl":null},{"id":45729668,"title":"Home","order":13,"templateKey":null,"customTemplate":false,"customTemplateFilename":null,"pageLinks":["6","5","4"],"dateCreated":"2025-01-21T15:06:36.241Z","dateUpdated":"2025-01-21T15:24:20.251Z","folderId":null,"pageName":"Home_45729668","serverPageId":null,"sectionCount":11,"status":2,"backwardUrl":null},{"id":2586300264,"title":"Page 1","order":14,"templateKey":null,"customTemplate":false,"customTemplateFilename":null,"pageLinks":[],"dateCreated":"2025-01-21T15:06:37.802Z","dateUpdated":"2025-01-21T15:06:37.802Z","folderId":null,"pageName":"Page 1_2586300264","serverPageId":null,"sectionCount":4,"status":2,"backwardUrl":null},{"id":116108170,"title":"Page 2","order":15,"templateKey":null,"customTemplate":false,"customTemplateFilename":null,"pageLinks":[],"dateCreated":"2025-01-21T15:06:38.620Z","dateUpdated":"2025-01-21T15:06:38.620Z","folderId":null,"pageName":"Page 2_116108170","serverPageId":null,"sectionCount":3,"status":2,"backwardUrl":null}]